{"_step":16261,"_wandb":{"runtime":209},"avg_loss":143284.3203125,"episode_reward":-454117.625,"_timestamp":1.72735334526047e+09,"_runtime":209.082762967}