{"_timestamp":1.7277527790355892e+09,"avg_loss":0.5822927981615067,"profit_ratio":-0.01206604577600956,"soft_upper_max_profit":517.8060302734375,"_wandb":{"runtime":1},"Average Distance":10.126059532165527,"_step":21,"Total Distance":104.24542236328125,"episode_reward":-6.247871398925781,"Profit":67.99754333496094,"_runtime":1.536571}