{"Average Distance":11.102933883666992,"profit_ratio":-0.21314072608947754,"_timestamp":1.727710284384559e+09,"soft_upper_max_profit":516.0297241210938,"episode_reward":-109.9869499206543,"_step":9599,"Total Distance":106.43773651123047,"_wandb":{"runtime":139},"Profit":-33.549217224121094,"_runtime":139.129900913,"avg_loss":44.11837253570557}