{"_runtime":113.566063,"Total Distance":89.81005096435547,"soft_upper_max_profit":518.7329711914062,"profit_ratio":-0.03197183087468147,"episode_reward":-16.58484172821045,"Average Distance":9.337589263916016,"avg_loss":1.2680303616e+10,"_step":7022,"_timestamp":1.727751134203457e+09,"Profit":13.225212097167969,"_wandb":{"runtime":113}}