{"episode_reward":-2626.50703125,"_timestamp":1.7273420587913349e+09,"_runtime":123.406731221,"_step":4792,"_wandb":{"runtime":123},"episode":5791,"avg_loss":245.25232391357423}