{"_wandb":{"runtime":115},"avg_loss":108.37164764404297,"episode_reward":-204.5853671875,"_timestamp":1.7273409031445827e+09,"_runtime":115.078392387,"_step":5325,"episode":6324}