{"_step":3683,"avg_loss":16430.53857421875,"episode_reward":-392229.234375,"_wandb":{"runtime":43},"Average Distance":1.4480568170547485,"_timestamp":1.7273611549651906e+09,"_runtime":43.714742032}