{"profit_ratio":0.677344799041748,"_step":1648,"_runtime":24.204096838,"Profit":371.8358154296875,"avg_loss":2.0695297837257387,"soft_upper_max_profit":516.0297241210938,"_wandb":{"runtime":24},"Average Distance":3.7888875007629395,"episode_reward":349.53005146980286,"_timestamp":1.7277101285302866e+09,"Total Distance":42.30574417114258}