{"Average Distance":1.3736923933029175,"_timestamp":1.727359496561846e+09,"_runtime":33.333498087,"_step":2995,"_wandb":{"runtime":33},"avg_loss":11470.42568359375,"episode_reward":-152739.65625}