{"episode":999,"avg_loss":0.40437801848900945,"_wandb":{"runtime":101},"episode_reward":19,"_timestamp":1.7273379975321705e+09,"_runtime":101.715279299,"_step":996}