{"Average Distance":7.196156024932861,"_step":12672,"Total Distance":68.75785827636719,"_timestamp":1.7277092818865347e+09,"Average Profit":25.451738357543945,"_wandb":{"runtime":181},"avg_loss":3.066278946399689,"_runtime":181.770509494,"episode_reward":210.30777955055237}