{"avg_loss":66.84594917297363,"episode_reward":-485.8127734375,"_timestamp":1.727343723599008e+09,"_runtime":11.402922624,"_wandb":{"runtime":11},"_step":837,"episode":1836}