{"_runtime":33.128648878999996,"_step":2108,"episode":2159,"avg_loss":127.09552154541015,"episode_reward":-295.085578125,"_timestamp":1.7273403949331498e+09,"_wandb":{"runtime":33}}