{"_timestamp":1.727753319243288e+09,"soft_upper_max_profit":516.0297241210938,"episode_reward":290.7357292175293,"_wandb":{"runtime":18},"profit_ratio":0.5634088516235352,"_runtime":18.643392,"Profit":328.6000061035156,"avg_loss":2.5399697184562684,"_step":1056,"Total Distance":57.8642692565918,"Average Distance":5.298085689544678}