{"_runtime":20.538201967,"_step":881,"_wandb":{"runtime":20},"episode":1880,"avg_loss":171.19813537597656,"episode_reward":-348.5771640625,"_timestamp":1.7273411435713525e+09}