{"_runtime":314.286268381,"_step":14667,"episode":15666,"avg_loss":71.316845703125,"episode_reward":-396.488,"_timestamp":1.7273407627676635e+09,"_wandb":{"runtime":314}}