{"episode":2001,"avg_loss":114.44791259765626,"episode_reward":-306.31264453125004,"_wandb":{"runtime":23},"_timestamp":1.7273411141829898e+09,"_runtime":23.000318854,"_step":1002}