{"_wandb":{"runtime":56},"Average Distance":10.14841365814209,"soft_upper_max_profit":516.0297241210938,"episode_reward":11.807750701904297,"_step":3439,"avg_loss":42.20036354064941,"Profit":28.583053588867188,"Total Distance":96.77531433105469,"profit_ratio":0.022881919518113136,"_runtime":56.962702,"_timestamp":1.727753380313676e+09}