{"episode_reward":329.00329542160034,"avg_loss":1.1250927567481994,"Total Distance":43.687644958496094,"_wandb":{"runtime":432},"_runtime":432.766104816,"_step":22892,"soft_upper_max_profit":516.0297241210938,"profit_ratio":0.6375665664672852,"Average Distance":4.272665500640869,"_timestamp":1.7277099753637226e+09,"Average Profit":38.0767707824707}