{"avg_loss":4553.492016601563,"episode_reward":-114581.26953125,"Average Distance":5.775589942932129,"_timestamp":1.727358949644592e+09,"_runtime":5.488803218,"_step":442,"_wandb":{"runtime":5}}