{"_step":7187,"_wandb":{"runtime":91},"episode":7196,"avg_loss":21.890337562561037,"episode_reward":-472.588359375,"_timestamp":1.7273455581182377e+09,"_runtime":91.433018668}