{"_wandb":{"runtime":3},"_timestamp":1.7273558156223867e+09,"_runtime":3.210870173,"_step":223,"avg_loss":2215.102258300781,"episode_reward":-108581.7861328125}