{"_step":1346,"episode":1445,"_wandb":{"runtime":27},"avg_loss":23.100010299682616,"episode_reward":-443.275921875,"_timestamp":1.7273442493318918e+09,"_runtime":27.776638153}