{"Profit":243.44793701171875,"_runtime":39.167286336,"_wandb":{"runtime":39},"episode_reward":-9756.552074432373,"soft_upper_max_profit":517.7684936523438,"avg_loss":28.542965507507326,"Total Distance":65.55349731445312,"Average Distance":6.716318607330322,"profit_ratio":-18.843463897705078,"_step":2679,"_timestamp":1.7277116791184235e+09}