{"Average Distance":8.694234848022461,"_timestamp":1.727361733369777e+09,"_runtime":5.723690682,"_step":423,"_wandb":{"runtime":5},"avg_loss":19148.83349609375,"episode_reward":-174051.4765625}