{"_step":405,"_wandb":{"runtime":6},"episode":414,"avg_loss":9451.771826171875,"episode_reward":-171435.30078125,"_timestamp":1.7273498699325924e+09,"_runtime":6.245580662}