{"avg_loss":1.59705264375e+06,"episode_reward":60.684757709503174,"_wandb":{"runtime":108},"Average Distance":8.472270965576172,"_timestamp":1.727708137107688e+09,"_runtime":108.963009697,"_step":7073}