{"_wandb":{"runtime":14},"avg_loss":20.346902465820314,"episode_reward":-314.39703906249997,"_timestamp":1.7273443438129869e+09,"_runtime":14.410092543,"_step":1090,"episode":1099}