{"episode":465,"avg_loss":0.06730869284196524,"episode_reward":500,"_timestamp":1.7273431047485797e+09,"_runtime":68.284762187,"_wandb":{"runtime":68},"_step":414}