{"_runtime":152.852264,"_wandb":{"runtime":152},"episode_reward":236.855872631073,"Total Distance":59.551021575927734,"avg_loss":30.5654577255249,"profit_ratio":0.450524240732193,"_timestamp":1.7277507797006001e+09,"_step":8974,"Profit":286.4068908691406,"Average Distance":5.581924915313721,"soft_upper_max_profit":525.73388671875}