{"_wandb":{"runtime":772},"soft_upper_max_profit":515.5852661132812,"_step":39612,"profit_ratio":0.6888431906700134,"Profit":398.6987609863281,"avg_loss":14.12915325164795,"Total Distance":53.54133605957031,"_timestamp":1.7277626603486423e+09,"episode_reward":355.15740394592285,"_runtime":772.847899982,"Average Distance":4.439261436462402}