{"Average Distance":8.228229522705078,"Total Distance":77.97781372070312,"episode_reward":54.465455055236816,"profit_ratio":0.10568049550056458,"Profit":82.44326782226562,"_wandb":{"runtime":30},"_timestamp":1.72775232771067e+09,"_step":1175,"soft_upper_max_profit":515.3784790039062,"avg_loss":3.4617801785469053,"_runtime":30.416008}