{"episode_reward":350.0170068740845,"Average Distance":3.6328320503234863,"_wandb":{"runtime":1424},"_timestamp":1.727698270660811e+09,"_runtime":1424.79614586,"_step":99990,"avg_loss":1.988646149635315}