{"Total Distance":85.22718811035156,"_runtime":2.6091100000000003,"episode_reward":141.53747510910034,"_timestamp":1.727753279915416e+09,"avg_loss":1.1511475920677186,"profit_ratio":0.2742816209793091,"Average Distance":7.618990421295166,"_step":109,"_wandb":{"runtime":2},"soft_upper_max_profit":516.0297241210938,"Profit":206.7646484375}