{"soft_upper_max_profit":510.7384948730469,"_runtime":354.243875,"_timestamp":1.727750606408223e+09,"Average Distance":8.022456169128418,"profit_ratio":0.24634534120559692,"_step":18265,"Total Distance":81.2736587524414,"Profit":197.09170532226562,"avg_loss":1.3801240563392638,"_wandb":{"runtime":354},"episode_reward":125.81804513931274}