{"avg_loss":31995.0333984375,"episode_reward":-460075.78125,"_timestamp":1.727352432927007e+09,"_runtime":198.165546645,"_step":13961,"_wandb":{"runtime":198}}