{"soft_upper_max_profit":520.6619873046875,"Total Distance":69.681396484375,"_step":69,"profit_ratio":0.30229902267456055,"episode_reward":157.39561367034912,"_runtime":2.014408,"Profit":147.07699584960938,"_timestamp":1.727755774395065e+09,"Average Distance":6.883130073547363,"avg_loss":0.7500228166580201,"_wandb":{"runtime":2}}