{"_timestamp":1.7277100330517237e+09,"Average Distance":7.386345863342285,"episode_reward":116.14897012710571,"avg_loss":2.4042720794677734,"_wandb":{"runtime":32},"Profit":180.54380798339844,"profit_ratio":0.2250819355249405,"_runtime":32.017120017,"soft_upper_max_profit":516.0297241210938,"Total Distance":74.39482879638672,"_step":2209}