{"_wandb":{"runtime":45},"_runtime":45.079569,"avg_loss":3.760919427871704,"episode_reward":326.4430775642395,"_timestamp":1.7277528343269298e+09,"_step":2569,"Average Distance":4.262265205383301,"profit_ratio":0.6299355626106262,"Profit":367.3092041015625,"soft_upper_max_profit":518.2166137695312,"Total Distance":50.86610412597656}