{"avg_loss":823.4965789794921,"episode_reward":-115537.5625,"_wandb":{"runtime":7},"_timestamp":1.7273525834241726e+09,"_runtime":7.230566888,"_step":589}