{"avg_loss":2.1118715524673464,"Average Profit":37.21580505371094,"Total Distance":46.933433532714844,"_step":7679,"episode_reward":308.0088119506836,"Average Distance":4.687558174133301,"_timestamp":1.7277090961797273e+09,"_runtime":107.460634216,"_wandb":{"runtime":107}}