{"_wandb":{"runtime":16},"episode_reward":-516356.1875,"_timestamp":1.727353367099183e+09,"_runtime":16.154141143,"_step":1727,"avg_loss":131070.11171875}