{"_wandb":{"runtime":29},"_timestamp":1.727341310092104e+09,"_runtime":29.166861665,"_step":1333,"episode":2332,"avg_loss":217.34693145751953,"episode_reward":-221.751328125}