{"Total Distance":54.554534912109375,"_runtime":3.638258,"Profit":343.8363952636719,"_step":159,"episode_reward":299.2818341255188,"Average Distance":4.703922748565674,"avg_loss":6.582386922836304,"profit_ratio":0.569118082523346,"_timestamp":1.7277509942658932e+09,"soft_upper_max_profit":525.8695068359375,"_wandb":{"runtime":3}}