{"_runtime":8.13586322,"_step":657,"_wandb":{"runtime":8},"avg_loss":29840.68330078125,"episode_reward":-194670.1953125,"Average Distance":2.127579689025879,"_timestamp":1.7273616775707633e+09}