{"avg_loss":308.5531921386719,"_wandb":{"runtime":19},"episode_reward":-459.541234375,"_timestamp":1.7273421407128668e+09,"_runtime":19.683640676,"_step":923,"episode":1922}