{"episode":382,"avg_loss":0.07357950101175811,"episode_reward":500,"_wandb":{"runtime":63},"_timestamp":1.7273382837716682e+09,"_runtime":62.973913561,"_step":330}