{"_wandb":{"runtime":8},"_step":365,"episode":417,"avg_loss":9.595904668172201,"episode_reward":9,"_timestamp":1.7273432718018587e+09,"_runtime":8.06443666}