{"avg_loss":1739.9119995117187,"episode_reward":-55419.3046875,"Average Distance":5.789827346801758,"_timestamp":1.727357359183522e+09,"_runtime":2.759087753,"_step":163,"_wandb":{"runtime":2}}