{"_timestamp":1.7277073590322928e+09,"_runtime":119.745113681,"_step":9990,"avg_loss":49.833313369750975,"_wandb":{"runtime":119},"episode_reward":159.47769713401794,"Average Distance":7.597679138183594}