{"avg_loss":2.3849926352500916,"Average Distance":6.958978652954102,"_runtime":5.205473682,"_step":303,"Profit":153.24485778808594,"soft_upper_max_profit":515.8849487304688,"_timestamp":1.727761433620127e+09,"episode_reward":161.38761568069458,"Total Distance":71.85724639892578,"_wandb":{"runtime":5},"profit_ratio":0.3128364682197571}