{"_wandb":{"runtime":96},"_timestamp":1.727752428019166e+09,"profit_ratio":0.7212523818016052,"Total Distance":35.50410461425781,"Profit":399.9104309082031,"_step":5474,"soft_upper_max_profit":519.1058349609375,"avg_loss":4.46849491596222,"episode_reward":374.4063148498535,"Average Distance":3.667668342590332,"_runtime":96.252275}