{"episode":4945,"avg_loss":394.45429077148435,"_wandb":{"runtime":60},"episode_reward":-507.6309375,"_timestamp":1.7273438543222034e+09,"_runtime":60.667068088,"_step":4941}