{"avg_loss":184.16816253662108,"episode_reward":-267.03765625,"_timestamp":1.727342306513557e+09,"_runtime":120.353647424,"_step":5641,"_wandb":{"runtime":120},"episode":6640}