{"Average Distance":4.170216083526611,"episode_reward":321.43147134780884,"Profit":329.15167236328125,"_runtime":34.180449,"profit_ratio":0.6195361018180847,"avg_loss":5.008427691459656,"soft_upper_max_profit":518.8260498046875,"_timestamp":1.727753644516723e+09,"_wandb":{"runtime":34},"Total Distance":47.72018814086914,"_step":1987}