{"_step":9990,"avg_loss":8.54418692e+07,"episode_reward":17.237537384033203,"_wandb":{"runtime":126},"Average Distance":9.136367797851562,"_timestamp":1.727708276217547e+09,"_runtime":126.747704912}