{"_runtime":134.944209,"avg_loss":3.5290172338485717,"soft_upper_max_profit":526.2274780273438,"Average Distance":2.837871789932251,"profit_ratio":0.7548896074295044,"Total Distance":36.0685920715332,"_timestamp":1.727752973741041e+09,"_wandb":{"runtime":134},"episode_reward":397.2436375617981,"Profit":383.3122253417969,"_step":7890}