{"episode_reward":167.24094593524933,"_wandb":{"runtime":232},"_step":13183,"Total Distance":60.40330123901367,"Profit":147.6442413330078,"_timestamp":1.727753210468174e+09,"avg_loss":1423.4737823486328,"profit_ratio":0.3180806338787079,"_runtime":232.51035,"Average Distance":6.095242977142334,"soft_upper_max_profit":525.7816162109375}