{"soft_upper_max_profit":516.0297241210938,"episode_reward":258.66806626319885,"Average Distance":6.332144737243652,"_timestamp":1.727710099098133e+09,"Profit":270.2666320800781,"_runtime":62.358908349000004,"profit_ratio":0.501265823841095,"avg_loss":1.1829631924629211,"Total Distance":61.59857940673828,"_wandb":{"runtime":62},"_step":4325}