{"avg_loss":2.026741290092468,"Average Distance":7.002768516540527,"_timestamp":1.7277557516182451e+09,"Total Distance":67.42694854736328,"_step":339,"episode_reward":178.8529281616211,"Profit":216.27989196777344,"profit_ratio":0.3468874990940094,"_wandb":{"runtime":6},"_runtime":6.387364,"soft_upper_max_profit":515.593505859375}