{"_wandb":{"runtime":12},"episode_reward":233.20206665992737,"avg_loss":1.9885149717330932,"_step":686,"Profit":246.08189392089844,"soft_upper_max_profit":523.1724243164062,"Average Distance":5.702104568481445,"Total Distance":52.879825592041016,"_runtime":12.12264,"profit_ratio":0.4457460939884186,"_timestamp":1.727753445072692e+09}