{"episode_reward":293.42240047454834,"Average Distance":4.182168483734131,"_timestamp":1.7277079958941166e+09,"_wandb":{"runtime":129},"_runtime":129.706903345,"_step":9990,"avg_loss":34.40348300933838}