{"episode_reward":-594.368484375,"_timestamp":1.727344216099339e+09,"_runtime":128.220417861,"_step":5250,"episode":5349,"avg_loss":36.00644302368164,"_wandb":{"runtime":128}}