{"_step":685,"_wandb":{"runtime":9},"avg_loss":6.782976031303406,"episode_reward":196.96760320663452,"Average Distance":6.635238170623779,"_timestamp":1.7277085985332658e+09,"_runtime":9.594139182}