{"avg_loss":17713.03115234375,"episode_reward":-68461.53930664062,"_timestamp":1.727339535692879e+09,"_wandb":{"runtime":2},"_runtime":2.037393185,"_step":93,"episode":99}