{"avg_loss":145473.4140625,"_wandb":{"runtime":40},"episode_reward":-588808.8125,"_timestamp":1.727353614166017e+09,"_runtime":40.228315941,"_step":4204}