{"_runtime":9.5500564,"_step":862,"_wandb":{"runtime":9},"avg_loss":7310.66474609375,"episode_reward":-292550.45703125,"_timestamp":1.7273564992155669e+09}