{"_wandb":{"runtime":16},"avg_loss":10920.1119140625,"episode_reward":-349243.953125,"Average Distance":5.7952423095703125,"_timestamp":1.7273571823943295e+09,"_runtime":16.168187378,"_step":1458}