{"_wandb":{"runtime":53},"avg_loss":752.8810119628906,"episode_reward":-9842.713861942291,"Average Distance":8.338578224182129,"_timestamp":1.7277072355642872e+09,"_runtime":53.666068992,"_step":4264}