{"_runtime":5.283302025,"_step":369,"avg_loss":3630.931640625,"episode_reward":-19759.56673336029,"_wandb":{"runtime":5},"Average Distance":6.5010786056518555,"_timestamp":1.727707089947175e+09}