{"_runtime":5.30604651,"_step":369,"_wandb":{"runtime":5},"episode":378,"avg_loss":10.707698917388916,"episode_reward":-170.970111328125,"_timestamp":1.7273454559906487e+09}