{"_runtime":6.620845941,"_step":245,"episode":1244,"avg_loss":246.6377716064453,"episode_reward":-497.94922656250003,"_timestamp":1.7273420937526748e+09,"_wandb":{"runtime":6}}