{"_runtime":10.859049583000001,"_step":930,"_wandb":{"runtime":10},"avg_loss":6972.812060546875,"episode_reward":-221804.26171875,"Average Distance":5.857248306274414,"_timestamp":1.727359969196939e+09}