{"profit_ratio":0.5760975480079651,"soft_upper_max_profit":512.27197265625,"_timestamp":1.7277618580786753e+09,"Total Distance":65.81714630126953,"avg_loss":6.692028570175171,"Average Distance":5.3895440101623535,"_runtime":146.974871753,"_wandb":{"runtime":146},"_step":9974,"Profit":340.935791015625,"episode_reward":295.1186275482178}