{"_step":686,"episode":1685,"avg_loss":56.3930721282959,"episode_reward":-780.8291171875001,"_wandb":{"runtime":15},"_timestamp":1.7273418454414685e+09,"_runtime":15.775328959}