{"Profit":266.08258056640625,"soft_upper_max_profit":514.24462890625,"profit_ratio":0.5194395780563354,"_wandb":{"runtime":171},"_runtime":171.338788,"_timestamp":1.727756188081919e+09,"avg_loss":8.140935897827148,"episode_reward":267.1190185546875,"_step":9974,"Total Distance":68.96358489990234,"Average Distance":6.866182804107666}