{"soft_upper_max_profit":519.075927734375,"profit_ratio":0.5363968014717102,"episode_reward":278.43067169189453,"Profit":327.22607421875,"_wandb":{"runtime":25},"_timestamp":1.727753819323545e+09,"avg_loss":3.3078501224517822,"_runtime":25.218329,"Average Distance":5.682781219482422,"_step":1473,"Total Distance":58.79537582397461}