{"_step":8537,"Average Distance":4.224557876586914,"_runtime":250.578470173,"avg_loss":1.067956344783306,"_timestamp":1.7277095384737978e+09,"Total Distance":47.226192474365234,"_wandb":{"runtime":250},"episode_reward":328.68464398384094,"Average Profit":39.54564666748047}