{"_wandb":{"runtime":17},"_timestamp":1.727344466072591e+09,"_runtime":17.215958134,"_step":1352,"episode":1361,"avg_loss":24.208679389953613,"episode_reward":-362.40094531249997}