{"_timestamp":1.7276966457460124e+09,"_runtime":2.232687587,"_step":52,"_wandb":{"runtime":2},"avg_loss":3799.6495361328125,"episode_reward":-49911.71291923523,"Average Distance":5.61403751373291}