{"_wandb":{"runtime":4},"avg_loss":5.418433761596679,"episode_reward":3.2949581146240234,"Average Distance":9.884127616882324,"_timestamp":1.72770855589231e+09,"_runtime":4.710246896,"_step":227}