{"episode_reward":104,"_timestamp":1.7273376967085514e+09,"_runtime":115.416314576,"_step":993,"_wandb":{"runtime":115},"episode":999,"avg_loss":0.20575416778984407}