{"_wandb":{"runtime":353},"episode_reward":-413.43996875,"_timestamp":1.7273451625560217e+09,"_runtime":353.552308744,"_step":24555,"episode":24564,"avg_loss":50.05074958801269}