{"_step":14974,"avg_loss":12.336619472503662,"Average Distance":5.572792053222656,"Profit":308.45025634765625,"_runtime":300.875204,"_timestamp":1.727777244606333e+09,"Total Distance":65.48150634765625,"episode_reward":302.96873903274536,"profit_ratio":0.5909529328346252,"_wandb":{"runtime":300},"soft_upper_max_profit":512.6782836914062}