{"_step":16221,"_wandb":{"runtime":353},"episode":17220,"avg_loss":50.67464370727539,"episode_reward":-440.26509375,"_timestamp":1.7273416708387985e+09,"_runtime":353.742273042}