{"_timestamp":1.7273593741410854e+09,"_runtime":181.916012232,"_step":14795,"avg_loss":34884.3025390625,"_wandb":{"runtime":181},"episode_reward":-694454.65625,"Average Distance":1.652204990386963}