{"_step":8913,"avg_loss":510511.2186785221,"episode_reward":-100,"_timestamp":1.7273513779056761e+09,"_runtime":122.768858684,"_wandb":{"runtime":122}}