{"_wandb":{"runtime":10},"avg_loss":2.942278707027435,"Total Distance":64.78144836425781,"Profit":106.26241302490234,"profit_ratio":0.1966571807861328,"Average Distance":7.135195255279541,"_timestamp":1.7277099892396474e+09,"_runtime":10.077531571,"episode_reward":101.48094940185547,"soft_upper_max_profit":516.0297241210938,"_step":675}