{"Average Distance":5.998088359832764,"_timestamp":1.727751973103724e+09,"avg_loss":2.455425622474752e+15,"Total Distance":57.799041748046875,"profit_ratio":0.3637761175632477,"Profit":237.65066528320312,"_step":48727,"episode_reward":189.8516330718994,"soft_upper_max_profit":521.8914184570312,"_runtime":834.433534,"_wandb":{"runtime":834}}