{"_step":13030,"_runtime":225.889159,"profit_ratio":0.5754864811897278,"episode_reward":293.1970934867859,"soft_upper_max_profit":509.4769287109375,"Total Distance":72.12886810302734,"Profit":355.32598876953125,"avg_loss":8.690709018707276,"_wandb":{"runtime":225},"Average Distance":5.897947311401367,"_timestamp":1.727756008032354e+09}