{"_timestamp":1.7273428482367938e+09,"_runtime":312.517718655,"_step":10264,"episode":11263,"avg_loss":125.01955871582031,"_wandb":{"runtime":312},"episode_reward":-427.39571875}