{"Profit":328.1797790527344,"_runtime":14.825751,"profit_ratio":0.6745221018791199,"_step":859,"Average Distance":4.374133586883545,"_wandb":{"runtime":14},"Total Distance":41.72346115112305,"episode_reward":346.456307888031,"avg_loss":8.428941440582275,"_timestamp":1.7277510132912629e+09,"soft_upper_max_profit":513.6322631835938}