{"average_loss":-0.013299856648354763,"_timestamp":1.732474205683639e+09,"_runtime":23460.79261686,"_step":999,"episode":1000,"team_1_rewards":0,"team_2_rewards":0,"_wandb":{"runtime":75424}}