{"avg_loss":8.049615907669068,"episode_reward":-100,"_timestamp":1.7273512483606775e+09,"_wandb":{"runtime":278},"_runtime":278.522580091,"_step":19143,"episode":19152}