{"_step":2386,"avg_loss":12249.25693359375,"episode_reward":-260737.53125,"Average Distance":0.5907928943634033,"_timestamp":1.727361025755362e+09,"_runtime":27.65690023,"_wandb":{"runtime":27}}