{"profit_ratio":0.624869704246521,"_timestamp":1.72775206386859e+09,"_wandb":{"runtime":72},"Profit":362.7724304199219,"Average Distance":4.613565444946289,"Total Distance":50.2059211730957,"_step":2883,"soft_upper_max_profit":516.2139892578125,"avg_loss":8.712558317184449,"episode_reward":322.5665054321289,"_runtime":72.906787}