{"episode":3272,"avg_loss":32.669141578674314,"episode_reward":-228.739796875,"_timestamp":1.7273443232142377e+09,"_runtime":41.821631097,"_step":3263,"_wandb":{"runtime":41}}