{"_wandb":{"runtime":31},"_timestamp":1.7273421778634615e+09,"_runtime":31.492762254,"_step":1518,"episode":2517,"avg_loss":375.37355041503906,"episode_reward":-555.124875}