{"_timestamp":1.7273530902160373e+09,"_runtime":6.775170754,"_step":567,"_wandb":{"runtime":6},"avg_loss":16705.5001953125,"episode_reward":-213195.1796875}