{"_runtime":81.788370086,"_wandb":{"runtime":81},"_step":3731,"episode":4730,"avg_loss":131.4134605407715,"episode_reward":-333.3376875,"_timestamp":1.7273412296616511e+09}