{"_timestamp":1.727695674117584e+09,"_runtime":6.482340297,"_step":442,"_wandb":{"runtime":6},"avg_loss":3670.5298095703124,"episode_reward":-49905.55880069733,"Average Distance":7.946949481964111}