{"_step":1427,"_wandb":{"runtime":17},"episode":1478,"avg_loss":22592.9025390625,"episode_reward":-124753.28125,"_timestamp":1.7273402144996064e+09,"_runtime":17.389024074}