{"_step":511,"episode":1510,"avg_loss":73.53029708862304,"_wandb":{"runtime":12},"episode_reward":-209.03773828125,"_timestamp":1.7273412462885063e+09,"_runtime":12.897637905}