{"_timestamp":1.7277534951201868e+09,"profit_ratio":0.6157325506210327,"Total Distance":53.366615295410156,"_wandb":{"runtime":46},"Profit":334.044189453125,"_runtime":46.220867,"Average Distance":4.099507808685303,"_step":2685,"episode_reward":320.67759788036346,"avg_loss":4.488345909118652,"soft_upper_max_profit":520.806640625}