{"avg_loss":3192.1375732421875,"episode_reward":-77104.111328125,"Average Distance":7.4415130615234375,"_timestamp":1.7273591462148633e+09,"_runtime":3.985740914,"_wandb":{"runtime":3},"_step":290}