{"_wandb":{"runtime":9},"avg_loss":43546.466796875,"episode_reward":-336508.71875,"Average Distance":4.691603660583496,"_timestamp":1.727361327735592e+09,"_runtime":9.373850044,"_step":760}