{"avg_loss":0.6201541662216187,"_timestamp":1.7277509712893708e+09,"Average Distance":6.7999348640441895,"_runtime":151.970158,"Total Distance":65.04438018798828,"episode_reward":209.25901317596436,"profit_ratio":0.40829044580459595,"soft_upper_max_profit":512.52490234375,"_wandb":{"runtime":151},"_step":8974,"Profit":264.30340576171875}