{"_wandb":{"runtime":4},"episode_reward":-132895.4140625,"_timestamp":1.7273554153361044e+09,"_runtime":4.287440582,"_step":337,"avg_loss":3207.3021240234375}