{"_timestamp":1.7273554327576973e+09,"_runtime":2.613685401,"_wandb":{"runtime":2},"_step":167,"avg_loss":1643.2350708007812,"episode_reward":-78626.4326171875}