{"episode_reward":-1.0012173125e+06,"Average Distance":2.18742036819458,"_timestamp":1.727356966768401e+09,"_wandb":{"runtime":181},"_runtime":181.079811306,"_step":14263,"avg_loss":24581.24267578125}