{"_runtime":260.00353767,"_wandb":{"runtime":260},"_timestamp":1.7277629529349637e+09,"_step":14974,"soft_upper_max_profit":521.2120361328125,"Average Distance":3.2998008728027344,"episode_reward":348.023561000824,"profit_ratio":0.6677197217941284,"Total Distance":43.326133728027344,"Profit":311.3497009277344,"avg_loss":5.305106973648071}