{"_timestamp":1.727753428835186e+09,"soft_upper_max_profit":517.3433837890625,"Profit":195.45233154296875,"_runtime":22.929604,"profit_ratio":0.4356308579444885,"episode_reward":225.37074089050293,"Total Distance":60.08157730102539,"_wandb":{"runtime":22},"_step":1307,"avg_loss":3.9427697896957397,"Average Distance":6.044399261474609}