{"soft_upper_max_profit":520.6673583984375,"episode_reward":327.87652683258057,"profit_ratio":0.6297236084938049,"avg_loss":0.9414340555667877,"_runtime":256.174488,"_timestamp":1.727750211261631e+09,"_step":12992,"Average Distance":4.480348587036133,"_wandb":{"runtime":256},"Total Distance":54.517948150634766,"Profit":342.3944396972656}