{"_runtime":22.189529878,"_step":903,"episode":1902,"avg_loss":61.84257926940918,"episode_reward":-256.396484375,"_wandb":{"runtime":22},"_timestamp":1.7273410759904733e+09}