{"_step":2228,"episode":2279,"avg_loss":25637.727734375,"episode_reward":-117139.21875,"_wandb":{"runtime":27},"_timestamp":1.7273400834474628e+09,"_runtime":27.43979627}