{"episode_reward":-131495.943359375,"_timestamp":1.7273546100727434e+09,"_runtime":3.8801282070000003,"_step":332,"avg_loss":3044.5119140625,"_wandb":{"runtime":3}}