{"avg_loss":1.886255156993866,"profit_ratio":0.6587762236595154,"_timestamp":1.727753659230322e+09,"Average Distance":4.505102634429932,"soft_upper_max_profit":520.1652221679688,"Total Distance":41.573246002197266,"_wandb":{"runtime":10},"_runtime":10.431362,"_step":590,"episode_reward":342.6724854707718,"Profit":344.2457275390625}