{"_wandb":{"runtime":630},"avg_loss":3.139336097240448,"episode_reward":349.46370124816895,"Average Distance":4.141523361206055,"_timestamp":1.7276963337469747e+09,"_runtime":630.197897836,"_step":43270}