{"episode":4452,"_wandb":{"runtime":81},"avg_loss":217.91244812011718,"episode_reward":-260.18521875,"_timestamp":1.7273425289117813e+09,"_runtime":81.653336431,"_step":3453}