{"episode_reward":-247510.71484375,"Average Distance":4.592579364776611,"_timestamp":1.7273600403608134e+09,"_runtime":9.215161651,"_wandb":{"runtime":9},"_step":720,"avg_loss":6407.1232421875}