{"Average Distance":4.064007759094238,"_wandb":{"runtime":1384},"_timestamp":1.7273634620236192e+09,"_runtime":1384.172906583,"_step":99990,"avg_loss":1.0851973354816438,"episode_reward":350.1565251350403}