{"soft_upper_max_profit":517.2613525390625,"Profit":300.4407958984375,"Total Distance":53.47121810913086,"_runtime":63.484181,"_step":3756,"avg_loss":4.351932430267334,"_timestamp":1.727753565094052e+09,"episode_reward":276.969566822052,"_wandb":{"runtime":63},"profit_ratio":0.5354538559913635,"Average Distance":4.5942254066467285}