{"soft_upper_max_profit":521.4874877929688,"profit_ratio":0.11588028073310852,"_step":9974,"Total Distance":76.89811706542969,"_timestamp":1.7277104628722212e+09,"_runtime":144.689656401,"Profit":97.32823944091797,"_wandb":{"runtime":144},"Average Distance":7.591686725616455,"avg_loss":72.85345611572265,"episode_reward":60.43011522293091}