{"_wandb":{"runtime":354},"_timestamp":1.727351916933876e+09,"_runtime":354.883431189,"_step":23557,"avg_loss":123286.47734375,"episode_reward":-100000}