{"_wandb":{"runtime":342},"episode_reward":322.740437746048,"Average Profit":38.10430145263672,"_timestamp":1.7277089802632139e+09,"_runtime":342.082178938,"Average Distance":4.5547919273376465,"Total Distance":50.19829559326172,"avg_loss":0.9478662610054016,"_step":21705}