{"avg_loss":57.83512535095215,"episode_reward":-260.77614062500004,"_timestamp":1.727343592842856e+09,"_runtime":86.872320448,"_step":3271,"_wandb":{"runtime":86},"episode":4270}