{"episode_reward":-306405.421875,"_timestamp":1.727352499061112e+09,"_runtime":59.480799857,"_step":4842,"avg_loss":52879.697265625,"_wandb":{"runtime":59}}