{"soft_upper_max_profit":512.0303955078125,"Total Distance":50.92234420776367,"Profit":337.7410583496094,"_runtime":147.514243,"_wandb":{"runtime":147},"Average Distance":5.260178089141846,"profit_ratio":0.5796896815299988,"_step":5702,"episode_reward":296.81872844696045,"_timestamp":1.727752236089215e+09,"avg_loss":3.661407196521759}