{"episode_reward":179.6882939338684,"Profit":216.71824645996094,"_step":605,"_timestamp":1.727755649710204e+09,"_runtime":10.916722,"Total Distance":67.02994537353516,"_wandb":{"runtime":10},"soft_upper_max_profit":517.14697265625,"profit_ratio":0.3474607765674591,"avg_loss":3.265101170539856,"Average Distance":6.9644999504089355}