{"_timestamp":1.7273398819113836e+09,"_runtime":115.437744791,"_step":9397,"_wandb":{"runtime":115},"episode":9448,"avg_loss":27853.7818359375,"episode_reward":-240922.453125}