{"_timestamp":1.727359940031985e+09,"_runtime":14.587725486,"_step":1292,"avg_loss":8805.549072265625,"episode_reward":-366615.9375,"_wandb":{"runtime":14},"Average Distance":8.018367767333984}