{"_step":1901,"_wandb":{"runtime":24},"episode":1910,"avg_loss":26.508734607696532,"episode_reward":-286.695171875,"_timestamp":1.727350696262889e+09,"_runtime":23.997065274}