{"_step":688,"soft_upper_max_profit":522.223876953125,"Profit":221.32167053222656,"profit_ratio":0.3497447669506073,"avg_loss":3.1022937893867493,"Average Distance":6.887392520904541,"episode_reward":182.6450605392456,"Total Distance":68.6766128540039,"_timestamp":1.727752084958464e+09,"_wandb":{"runtime":16},"_runtime":16.887781}