{"avg_loss":6.35080844e+07,"episode_reward":-7.00360986703125e+08,"Average Distance":3.8391172885894775,"_timestamp":1.7273613615929298e+09,"_runtime":25.882279406,"_wandb":{"runtime":25},"_step":2209}