{"episode_reward":-305.13955078125,"_wandb":{"runtime":17},"_timestamp":1.7273403388694444e+09,"_runtime":17.366546751,"_step":1215,"episode":1266,"avg_loss":122.75367660522461}